ep,L_total,L_data,L_human,L_kl,acc_tr,acc_va,f1_tr,f1_va,acc_h_tr,f1_h_va,lam_mean,lam_std,rho_mean,c_mean,kl,post_var_mean,grad_norm,grad_scale,ece_tr,brier_tr,auc_tr_ovo
1,1.2842728835568022,0.7144914659687592,0.4205607150407051,0.14922070254733807,0.295550289626119,0.2976044226044226,0.2890302587898899,0.2742008667914238,0.370984728804634,0.19451943968535038,0.6227967529935771,0.01612134617547714,0.9421157132275346,0.9986577351129292,149.22070254733808,0.00022386111751825213,0.24197770349454337,1.0,0.13769587507772257,0.3513124281804117,0.48074272014236125
2,1.2799934683483278,0.7116022699030479,0.41917186295030934,0.14921933549497068,0.2976566614007372,0.29821867321867324,0.2910598199570556,0.2756957708276853,0.4505002632964718,0.10994272035564674,0.6227967777131045,0.016121394888114718,0.9421157132275346,0.9986575982359822,149.2193354949707,0.00022388393543522545,0.2353207663626287,1.0,0.13225407369650233,0.3497840573940675,0.4818732314312497
3,1.2764717025262367,0.7087409737601947,0.4185128220611239,0.149217906704918,0.2989731437598736,0.29576167076167076,0.29213335055244255,0.2741510624923748,0.4505002632964718,0.10994272035564674,0.622682297637588,0.01611886055960678,0.9421157132275346,0.9993246923826423,149.217906704918,0.00011258930178249385,0.22877287686285958,1.0,0.12777225245023885,0.3483264871198971,0.48311779685445533
4,1.2737014798569017,0.706231570377259,0.4182534497298893,0.14921645974975334,0.30042127435492366,0.2933046683046683,0.29328722578186783,0.2729315563248686,0.4505002632964718,0.10994272035564674,0.6227455018073923,0.01612025354205813,0.9421157132275346,0.9989563121919101,149.21645974975334,0.00017403885241910698,0.2223416918346019,1.0,0.12333008545222394,0.3469373360765878,0.48443919460891993
5,1.2716032766472398,0.7039323771446042,0.41845589529650845,0.14921500420612716,0.30028962611901,0.29207616707616707,0.2929845204407555,0.2725360643849464,0.4505002632964718,0.10994272035564674,0.6228698562973619,0.016123046076152576,0.9421157132275346,0.9982320910604275,149.21500420612716,0.00029491230519170284,0.21638958109344666,1.0,0.12064618052243523,0.3456142851521851,0.48587781596375884
6,1.269953373360888,0.7016084746871601,0.41913134496327303,0.14921355371045497,0.30173775671406006,0.2883906633906634,0.2942375359979283,0.27019765654555544,0.4505002632964718,0.10994272035564674,0.6228580394623566,0.01612273167224195,0.9421157132275346,0.9983008704753438,149.21355371045496,0.0002834291272008407,0.2105058566129561,1.0,0.11654416259967425,0.34435276354902494,0.4874274599863832
7,1.268276991665577,0.6993321539758537,0.41973265547758803,0.14921218221213528,0.30463401790416006,0.28593366093366096,0.29690611387649485,0.2700242520077801,0.4505002632964718,0.10994272035564674,0.6227788875962954,0.016120964525871972,0.9421157132275346,0.9987618005926252,149.21218221213527,0.00020649445578489671,0.2050589854948858,1.0,0.11116118406634723,0.3431507487341471,0.48908190628575227
8,1.2647541497794854,0.6971919881195329,0.41835134022247544,0.1492108214374769,0.3076619273301738,0.28040540540540543,0.29931972907858356,0.2660801628719619,0.4505002632964718,0.10994272035564674,0.6227202346042351,0.016119662979073454,0.9421157132275346,0.9991035526350843,149.2108214374769,0.0001494749259270246,0.19968768130593925,1.0,0.10580903580134149,0.34200427473344774,0.4908295039138742
9,1.262331387909944,0.69529372830216,0.41782825938989515,0.1492094002178889,0.30963665086887837,0.27794840294840295,0.30089579709078257,0.26579832861451685,0.4505002632964718,0.10994272035564674,0.6227821835953219,0.016121029909220323,0.9421157132275346,0.9987425987417163,149.20940021788888,0.00020969876461503643,0.19439577580359568,1.0,0.10166218986987492,0.34091121953659237,0.49265595152149055
10,1.261442062369816,0.6935180231503679,0.41871606033666087,0.14920797888278708,0.31305950500263297,0.2724201474201474,0.3038865803638929,0.261799729206801,0.4505002632964718,0.10994272035564674,0.6228633495636996,0.016122854105522357,0.9421157132275346,0.9982699607527852,149.20797888278707,0.0002885895972840338,0.18946530781727455,1.0,0.09622220508128487,0.33986964018820665,0.49460185616393265
11,1.2595146410594174,0.6917055019730616,0.4186025369139229,0.14920660217243265,0.31714060031595576,0.2711916461916462,0.30730054557289355,0.26168530932397527,0.4505002632964718,0.10994272035564674,0.6228278685099841,0.01612210322017676,0.9421157132275346,0.9984765392925781,149.20660217243264,0.0002541037468594914,0.18481053459857102,1.0,0.09027564119522373,0.33887609453465894,0.49658912655284965
12,1.2571650346154648,0.6898595148191579,0.4181003087081992,0.14920521108810764,0.31911532385466035,0.2705773955773956,0.30874943706141034,0.2621756659867134,0.4505002632964718,0.10994272035564674,0.6226833969901304,0.016118852517466038,0.9421157132275346,0.9993182783235938,149.20521108810763,0.00011365903130897666,0.1800841331040594,1.0,0.08659758522449215,0.33792769482620283,0.49864767843174884
13,1.2555283798003192,0.688285443942534,0.41803911971019847,0.14920381614758682,0.320695102685624,0.26535626535626533,0.3097961049343753,0.25832771644620905,0.4505002632964718,0.10994272035564674,0.6227087335505106,0.016119422858730775,0.9421157132275346,0.9991705868036935,149.20381614758682,0.00013829289417110325,0.1755349337729449,1.0,0.08346593546378095,0.33702341022366833,0.5007411668057559
14,1.2533348549329484,0.6867924917318308,0.4173399647205811,0.1492023984805367,0.3233280674038968,0.26474201474201475,0.31189594903898926,0.258834380486165,0.4505002632964718,0.10994272035564674,0.6227366918994083,0.016120055692893508,0.9421157132275346,0.9990076485732536,149.20239848053671,0.00016547402291049876,0.17147827319317582,1.0,0.07944242171672897,0.3361608818352771,0.5028344115486443
15,1.251076236029555,0.6854607155474153,0.4164145618424474,0.14920095863969232,0.3281990521327014,0.26136363636363635,0.31551164487688776,0.25633002607384303,0.4505002632964718,0.10994272035564674,0.6228468224124766,0.01612248512385516,0.9421157132275346,0.9983661737071691,149.20095863969232,0.0002725270780569325,0.1672935849421595,1.0,0.07335374669025826,0.3353365548148987,0.5049529834212502
16,1.2506726048889525,0.6839531866222733,0.41751990483587775,0.14919951343080126,0.33043707214323326,0.2573710073710074,0.31664457673492336,0.25385895728358104,0.4505002632964718,0.10994272035564674,0.6227348061562621,0.01612001723495592,0.9421157132275346,0.9990186375848542,149.19951343080126,0.00016364071542182202,0.1633354720333276,1.0,0.0700476338150718,0.33454973186730436,0.5070425789271122
17,1.2492522328275213,0.6825843747538938,0.4174697576160472,0.14919810045758042,0.33228014744602424,0.2542997542997543,0.31752279007086837,0.25152042832815696,0.4505002632964718,0.10994272035564674,0.6226902221386389,0.016119025866575102,0.9421157132275346,0.9992784954065976,149.1981004575804,0.00012029418045414533,0.15959517514804689,1.0,0.06728348174956743,0.33379806880108925,0.5091459356570839
18,1.2481333817930673,0.6814099270872915,0.41752676141617545,0.14919669328960036,0.33767772511848343,0.2533783783783784,0.3213196831010718,0.25107569785638634,0.4505002632964718,0.10994272035564674,0.6227685148884108,0.016120718274513827,0.9421157132275346,0.9988222257014772,149.19669328960035,0.00019641154878745806,0.15620842856035153,1.0,0.06108923970291662,0.333079425925113,0.5112252399979195
19,1.2490274755741704,0.6803164020269366,0.41951576536179386,0.14919530818543997,0.33952080042127436,0.2509213759213759,0.321675153366811,0.2496840459118975,0.4505002632964718,0.10994272035564674,0.6228716437646132,0.016123024846238274,0.9421157132275346,0.998221675935808,149.19530818543996,0.0002966512184461976,0.15258035329283207,1.0,0.05857196738348465,0.3323912173252202,0.5132722651708029
20,1.2447331253771858,0.6789201936835958,0.41661893441636083,0.1491939972772291,0.3413638757240653,0.24662162162162163,0.3212726158833764,0.24624728543997074,0.4505002632964718,0.10994272035564674,0.6226477431580355,0.016118067762081755,0.9421157132275346,0.9995261668091121,149.1939972772291,7.899091682068068e-05,0.14908491827839485,1.0,0.05616977611604181,0.3317335830513689,0.5152909035727306
21,1.2436489768031405,0.6778686978852259,0.4165877194903299,0.14919255942758472,0.3479462875197472,0.24508599508599507,0.32583176723167084,0.2454428634822267,0.4505002632964718,0.10994272035564674,0.6226929388641371,0.01611907918580385,0.9421157132275346,0.9992626566446607,149.1925594275847,0.00012293589383249138,0.14609442427507668,1.0,0.04913424365374765,0.3311046965902964,0.5172372174551447
22,1.2419470619656587,0.6769230139786342,0.41583293194940935,0.14919111603761506,0.35031595576619273,0.24293611793611794,0.32687518102833857,0.24353812682840792,0.4505002632964718,0.10994272035564674,0.6227940109509295,0.016121318747612096,0.9421157132275346,0.998673712378601,149.19111603761505,0.00022119467175985255,0.14289570972262478,1.0,0.04641709865709314,0.3305015837650364,0.5191246511944911
23,1.2409201273477852,0.6758065385757321,0.4159239182141437,0.14918967055790947,0.3536071616640337,0.24355036855036855,0.32880820013529494,0.24447856571219648,0.4505002632964718,0.10994272035564674,0.622696796520954,0.01611915139931639,0.9421157132275346,0.999240163575246,149.18967055790947,0.00012668755665743857,0.13976178463994107,1.0,0.04287182463037147,0.32992419720651145,0.5209369422369193
24,1.2406480585486486,0.6747853462769512,0.4166744858535104,0.14918822641818705,0.35479199578725645,0.23863636363636365,0.32840886266710534,0.23988704839592911,0.4505002632964718,0.10994272035564674,0.6226476407756625,0.016118062133015414,0.9421157132275346,0.9995267623324312,149.18822641818704,7.889161822759137e-05,0.1368181201350563,1.0,0.04152269104033318,0.32937148788466314,0.5226777265330557
25,1.2394053581313487,0.6739389411411227,0.4162795986574549,0.1491868183327712,0.35676671932596105,0.23617936117936117,0.3288179359141834,0.23754980556585434,0.4505002632964718,0.10994272035564674,0.6227230711502834,0.01611973779811981,0.9421157132275346,0.9990870235890724,149.1868183327712,0.0001522322628452672,0.13435793141884242,1.0,0.03946265967333657,0.3288418763488751,0.5243435432112211
26,1.2387418561866448,0.673211827394036,0.4163446442628559,0.14918538452975313,0.358609794628752,0.23249385749385748,0.3289242775391494,0.2340857041490724,0.4505002632964718,0.10994272035564674,0.622876897072671,0.016123193518623777,0.9421157132275346,0.9981911097722052,149.18538452975312,0.0003017547658135215,0.13154796727640808,1.0,0.0376097319660169,0.3283325270765441,0.5259741460288955
27,1.2384940267337408,0.6722678491086247,0.4170422074290691,0.14918397019604698,0.36163770405476564,0.22942260442260443,0.32981415249806917,0.23115377597372685,0.4505002632964718,0.10994272035564674,0.6227966716783291,0.01612137769929918,0.9421157132275346,0.9986582114775125,149.18397019604697,0.00022378159798238083,0.1289420903000159,1.0,0.034643997726592116,0.3278442053290018,0.5275405287013775
28,1.2386325379121834,0.671408130726711,0.4180418154081792,0.14918259177729332,0.36492890995260663,0.22512285012285013,0.33145853321502344,0.2268889731037489,0.4505002632964718,0.10994272035564674,0.6227633785500571,0.01612065125983947,0.9421157132275346,0.9988521565228728,149.1825917772933,0.0001914171290669079,0.1264180584548217,1.0,0.03147853582208489,0.32737551680453575,0.5290283256618074
29,1.2350876271074953,0.670560667938633,0.4153457108647464,0.1491812483041159,0.36795681937862035,0.22665847665847666,0.3323730182027232,0.22857901839242575,0.4505002632964718,0.10994272035564674,0.6227121702914358,0.016119503997632036,0.9421157132275346,0.9991505539584834,149.18124830411588,0.00014163451575747229,0.1241313962648423,1.0,0.029456624014677253,0.32692537742233596,0.5304854966688126
30,1.2348945757925858,0.6699164948514064,0.41579825704597745,0.14917982389520196,0.3708530805687204,0.22880835380835382,0.33283388091118654,0.2307082305071595,0.4505002632964718,0.10994272035564674,0.6228226878619342,0.016121989934975562,0.9421157132275346,0.9985067095918028,149.17982389520196,0.00024906781195006453,0.12168087878034956,1.0,0.027816407377370178,0.3264923224392732,0.5318996527666964
31,1.2348948599065448,0.6691515477217064,0.41656490657651574,0.1491784056083227,0.3736176935229068,0.2281941031941032,0.33400578778492873,0.23007147453739937,0.4505002632964718,0.10994272035564674,0.6227939438096024,0.016121338802667758,0.9421157132275346,0.9986741108339368,149.17840560832272,0.00022112820192772854,0.11947040627990961,1.0,0.02608576324176468,0.3260763508293495,0.5332422622590874
32,1.2327440056186756,0.6683160035587382,0.41525098936383736,0.14917701269610006,0.375724065297525,0.22604422604422605,0.3338408774218647,0.227888195617353,0.4505002632964718,0.10994272035564674,0.6226749599295901,0.016118689321664142,0.9421157132275346,0.9993674711348804,149.17701269610006,0.00010545484614028128,0.11723289584223293,1.0,0.02517839603379346,0.32567609457996965,0.5345604810774011
33,1.2328612398713108,0.6676603907242006,0.4160252680322443,0.1491755811148658,0.3788836229594523,0.2278869778869779,0.33491660964491604,0.22976589547162055,0.4505002632964718,0.10994272035564674,0.6226992876979189,0.016119227177184236,0.9421157132275346,0.9992256474051069,149.17558111486582,0.00012910876382633146,0.11521219867650519,1.0,0.022586422522052858,0.3252910968268496,0.5358241933340587
34,1.232056665377409,0.6670920717037072,0.41579040246106685,0.14917419121263506,0.3811216429699842,0.22696560196560198,0.3342306507793508,0.22880036049043165,0.4505002632964718,0.10994272035564674,0.6227830484707482,0.016121081961626215,0.9421157132275346,0.9987375656285377,149.17419121263507,0.0002105386540686116,0.11324371050723236,1.0,0.021201372087272425,0.32492015218834913,0.5370464563095337
35,1.2344713459732768,0.666565432283634,0.4187331286638666,0.14917278502577636,0.3842812006319115,0.22573710073710074,0.33558531928330576,0.2274940475280034,0.4505002632964718,0.10994272035564674,0.622884698439627,0.016123334149807655,0.9421157132275346,0.9981456984016509,149.17278502577636,0.0003093371845594676,0.11106832334403906,1.0,0.021098388373280243,0.32456260359944117,0.5382487314978076
36,1.2306080817637643,0.6657132990905629,0.4157232438583917,0.14917153881480988,0.38665086887835703,0.22358722358722358,0.33597013040211704,0.2252382998006409,0.4505002632964718,0.10994272035564674,0.6226608686559606,0.016118370957163723,0.9421157132275346,0.9994496321991206,149.17153881480988,9.175322413788901e-05,0.10914811137898543,1.0,0.02004292719013181,0.324218670703117,0.5393809441526457
37,1.2301857680050357,0.6652233748032708,0.415792261363048,0.14917013183871697,0.3923117430226435,0.22297297297297297,0.3386686086323107,0.2246044495666288,0.4505002632964718,0.10994272035564674,0.622756168847581,0.0161204835562412,0.9421157132275346,0.9988941575920688,149.17013183871697,0.00018440905761190626,0.10737484219430746,1.0,0.018894381716854914,0.32388713281887793,0.540510886058036
38,1.2307998140129286,0.664748659680395,0.4168824063793093,0.14916874795322452,0.3949447077409163,0.22266584766584765,0.3399997594716481,0.2241716953391689,0.4505002632964718,0.10994272035564674,0.6228476357719681,0.016122519844481698,0.9421157132275346,0.9983614428747299,149.1687479532245,0.0002733168412335155,0.10569369309123333,1.0,0.018442628760949195,0.3235671443250828,0.54160049963981
39,1.230876471284335,0.663997139541498,0.41771191378657824,0.1491674179562588,0.39652448657187994,0.22358722358722358,0.3391723908411685,0.22487411499858886,0.4505002632964718,0.10994272035564674,0.6226627097899916,0.016118404518667792,0.9421157132275346,0.9994388918281724,149.1674179562588,9.354428329296238e-05,0.10387168433269733,1.0,0.01829734618608982,0.3232579722124157,0.5426497281245198
40,1.22919394000925,0.663557092348409,0.4164707392584553,0.14916610840238564,0.3995523959978936,0.22358722358722358,0.3395805539584793,0.22477688289678266,0.4505002632964718,0.10994272035564674,0.6227523472319206,0.016120395384429335,0.9421157132275346,0.9989164237200476,149.16610840238565,0.00018069398572270138,0.10200161916996957,1.0,0.015236042882709341,0.3229597392785576,0.5436833557369557
